points_amount,serial,threaded
1000000,1.2009451000000,2.478110